symbol,kind,status,error_msg,collected_at
AAM.U,stock,delisted,empty 1mo history,2026-02-04 12:49:44
ABRpD,stock,delisted,empty 1mo history,2026-02-04 12:50:50
ABRpE,stock,delisted,empty 1mo history,2026-02-04 12:50:55
ABRpF,stock,delisted,empty 1mo history,2026-02-04 12:51:00
ACRpC,stock,delisted,empty 1mo history,2026-02-04 12:53:09
ACRpD,stock,delisted,empty 1mo history,2026-02-04 12:53:15
ADCpA,stock,delisted,empty 1mo history,2026-02-04 12:54:19
AGM.A,stock,delisted,empty 1mo history,2026-02-04 12:57:44
AGMpD,stock,delisted,empty 1mo history,2026-02-04 12:57:50
AGMpE,stock,delisted,empty 1mo history,2026-02-04 12:57:55
AGMpF,stock,delisted,empty 1mo history,2026-02-04 12:58:00
AGMpG,stock,delisted,empty 1mo history,2026-02-04 12:58:05
AGMpH,stock,delisted,empty 1mo history,2026-02-04 12:58:12
AHHpA,stock,delisted,empty 1mo history,2026-02-04 12:58:53
AHLpD,stock,delisted,empty 1mo history,2026-02-04 12:59:02
AHLpE,stock,delisted,empty 1mo history,2026-02-04 12:59:06
AHLpF,stock,delisted,empty 1mo history,2026-02-04 12:59:10
AHTpD,stock,delisted,empty 1mo history,2026-02-04 12:59:25
AHTpF,stock,delisted,empty 1mo history,2026-02-04 12:59:31
AHTpG,stock,delisted,empty 1mo history,2026-02-04 12:59:35
AHTpH,stock,delisted,empty 1mo history,2026-02-04 12:59:40
AHTpI,stock,delisted,empty 1mo history,2026-02-04 12:59:45
AIIA.U,stock,delisted,empty 1mo history,2026-02-04 13:00:13
AKO.A,stock,delisted,empty 1mo history,2026-02-04 13:01:35
AKO.B,stock,delisted,empty 1mo history,2026-02-04 13:01:41
ALBpA,stock,delisted,empty 1mo history,2026-02-04 13:02:09
ALLpB,stock,delisted,empty 1mo history,2026-02-04 13:03:39
ALLpH,stock,delisted,empty 1mo history,2026-02-04 13:03:45
ALLpI,stock,delisted,empty 1mo history,2026-02-04 13:03:49
ALLpJ,stock,delisted,empty 1mo history,2026-02-04 13:03:53
ALTGpA,stock,delisted,empty 1mo history,2026-02-04 13:04:47
ALUB.U,stock,delisted,empty 1mo history,2026-02-04 13:05:03
AMHpG,stock,delisted,empty 1mo history,2026-02-04 13:06:11
AMHpH,stock,delisted,empty 1mo history,2026-02-04 13:06:17
ANGpD,stock,delisted,empty 1mo history,2026-02-04 13:08:09
APOpA,stock,delisted,empty 1mo history,2026-02-04 13:10:21
ARESpB,stock,delisted,empty 1mo history,2026-02-04 13:12:09
ARRpC,stock,delisted,empty 1mo history,2026-02-04 13:13:04
ASBpE,stock,delisted,empty 1mo history,2026-02-04 13:13:49
ASBpF,stock,delisted,empty 1mo history,2026-02-04 13:13:54
ATHpA,stock,delisted,empty 1mo history,2026-02-04 13:15:49
ATHpB,stock,delisted,empty 1mo history,2026-02-04 13:15:52
ATHpD,stock,delisted,empty 1mo history,2026-02-04 13:15:57
ATHpE,stock,delisted,empty 1mo history,2026-02-04 13:16:02
AUBpA,stock,delisted,empty 1mo history,2026-02-04 13:17:37
AXIAp,stock,delisted,empty 1mo history,2026-02-04 13:20:00
AXIApC,stock,delisted,empty 1mo history,2026-02-04 13:20:06
AXSpE,stock,delisted,empty 1mo history,2026-02-04 13:20:41
BACpB,stock,delisted,empty 1mo history,2026-02-04 13:21:34
BACpE,stock,delisted,empty 1mo history,2026-02-04 13:21:40
BACpK,stock,delisted,empty 1mo history,2026-02-04 13:21:45
BACpL,stock,delisted,empty 1mo history,2026-02-04 13:21:48
BACpM,stock,delisted,empty 1mo history,2026-02-04 13:21:53
BACpN,stock,delisted,empty 1mo history,2026-02-04 13:21:58
BACpO,stock,delisted,empty 1mo history,2026-02-04 13:22:04
BACpP,stock,delisted,empty 1mo history,2026-02-04 13:22:08
BACpQ,stock,delisted,empty 1mo history,2026-02-04 13:22:14
BACpS,stock,delisted,empty 1mo history,2026-02-04 13:22:19
BANCpF,stock,delisted,empty 1mo history,2026-02-04 13:22:48
BApA,stock,delisted,empty 1mo history,2026-02-04 13:23:18
BCSS.U,stock,delisted,empty 1mo history,2026-02-04 13:26:07
BCVpA,stock,delisted,empty 1mo history,2026-02-04 13:26:19
BEBE.U,stock,delisted,empty 1mo history,2026-02-04 13:27:33
BEPpA,stock,delisted,empty 1mo history,2026-02-04 13:28:15
BF.A,stock,delisted,empty 1mo history,2026-02-04 13:28:32
BF.B,stock,delisted,empty 1mo history,2026-02-04 13:28:34
BFHpA,stock,delisted,empty 1mo history,2026-02-04 13:28:48
BFSpD,stock,delisted,empty 1mo history,2026-02-04 13:29:05
BFSpE,stock,delisted,empty 1mo history,2026-02-04 13:29:09
BH.A,stock,delisted,empty 1mo history,2026-02-04 13:30:20
BHRpB,stock,delisted,empty 1mo history,2026-02-04 13:31:01
BHRpD,stock,delisted,empty 1mo history,2026-02-04 13:31:05
BIII.U,stock,delisted,empty 1mo history,2026-02-04 13:31:32
BIO.B,stock,delisted,empty 1mo history,2026-02-04 13:31:42
BIPpA,stock,delisted,empty 1mo history,2026-02-04 13:32:05
BIPpB,stock,delisted,empty 1mo history,2026-02-04 13:32:11
BKpK,stock,delisted,empty 1mo history,2026-02-04 13:33:12
BMLpG,stock,delisted,empty 1mo history,2026-02-04 13:35:37
BMLpH,stock,delisted,empty 1mo history,2026-02-04 13:35:42
BMLpJ,stock,delisted,empty 1mo history,2026-02-04 13:35:46
BMLpL,stock,delisted,empty 1mo history,2026-02-04 13:35:51
BOHpA,stock,delisted,empty 1mo history,2026-02-04 13:37:40
BOHpB,stock,delisted,empty 1mo history,2026-02-04 13:37:45
BRK.A,stock,delisted,empty 1mo history,2026-02-04 13:39:26
BRK.B,stock,delisted,empty 1mo history,2026-02-04 13:39:30
BWpA,stock,delisted,empty 1mo history,2026-02-04 13:43:56
CADEpA,stock,delisted,empty 1mo history,2026-02-04 13:45:33
CDRpB,stock,delisted,empty 1mo history,2026-02-04 13:50:51
CDRpC,stock,delisted,empty 1mo history,2026-02-04 13:50:56
CFGpE,stock,delisted,empty 1mo history,2026-02-04 13:53:03
CFGpH,stock,delisted,empty 1mo history,2026-02-04 13:53:09
CFGpI,stock,delisted,empty 1mo history,2026-02-04 13:53:15
CFRpB,stock,delisted,empty 1mo history,2026-02-04 13:53:35
CHMIpA,stock,delisted,empty 1mo history,2026-02-04 13:55:31
CHMIpB,stock,delisted,empty 1mo history,2026-02-04 13:55:37
CIG.C,stock,delisted,empty 1mo history,2026-02-04 13:56:55
CIMpA,stock,delisted,empty 1mo history,2026-02-04 13:57:26
CIMpB,stock,delisted,empty 1mo history,2026-02-04 13:57:32
CIMpC,stock,delisted,empty 1mo history,2026-02-04 13:57:40
CIMpD,stock,delisted,empty 1mo history,2026-02-04 13:57:45
CLDTpA,stock,delisted,empty 1mo history,2026-02-04 13:58:48
CMApB,stock,delisted,empty 1mo history,2026-02-04 14:00:10
CMREpB,stock,delisted,empty 1mo history,2026-02-04 14:01:28
CMREpC,stock,delisted,empty 1mo history,2026-02-04 14:01:32
CMREpD,stock,delisted,empty 1mo history,2026-02-04 14:01:39
CMSpB,stock,delisted,empty 1mo history,2026-02-04 14:01:53
CMSpC,stock,delisted,empty 1mo history,2026-02-04 14:01:59
CNOpA,stock,delisted,empty 1mo history,2026-02-04 14:03:05
CODIpA,stock,delisted,empty 1mo history,2026-02-04 14:04:06
CODIpB,stock,delisted,empty 1mo history,2026-02-04 14:04:11
CODIpC,stock,delisted,empty 1mo history,2026-02-04 14:04:16
COFpI,stock,delisted,empty 1mo history,2026-02-04 14:04:26
COFpJ,stock,delisted,empty 1mo history,2026-02-04 14:04:29
COFpK,stock,delisted,empty 1mo history,2026-02-04 14:04:32
COFpL,stock,delisted,empty 1mo history,2026-02-04 14:04:33
COFpN,stock,delisted,empty 1mo history,2026-02-04 14:04:36
COPL.U,stock,delisted,empty 1mo history,2026-02-04 14:05:00
CpN,stock,delisted,empty 1mo history,2026-02-04 14:05:25
CRD.A,stock,delisted,empty 1mo history,2026-02-04 14:05:55
CRD.B,stock,delisted,empty 1mo history,2026-02-04 14:05:57
CTApA,stock,delisted,empty 1mo history,2026-02-04 14:07:06
CTApB,stock,delisted,empty 1mo history,2026-02-04 14:07:09
CTOpA,stock,delisted,empty 1mo history,2026-02-04 14:07:25
CWEN.A,stock,delisted,empty 1mo history,2026-02-04 14:08:27
DBRGpH,stock,delisted,empty 1mo history,2026-02-04 14:09:23
DBRGpI,stock,delisted,empty 1mo history,2026-02-04 14:09:25
DBRGpJ,stock,delisted,empty 1mo history,2026-02-04 14:09:27
DLNGpA,stock,delisted,empty 1mo history,2026-02-04 14:10:55
DLRpJ,stock,delisted,empty 1mo history,2026-02-04 14:11:01
DLRpK,stock,delisted,empty 1mo history,2026-02-04 14:11:04
DLRpL,stock,delisted,empty 1mo history,2026-02-04 14:11:07
DSXpB,stock,delisted,empty 1mo history,2026-02-04 14:12:24
DUKpA,stock,delisted,empty 1mo history,2026-02-04 14:12:45
DXpC,stock,delisted,empty 1mo history,2026-02-04 14:13:08
ECCpD,stock,delisted,empty 1mo history,2026-02-04 14:13:42
ECFpA,stock,delisted,empty 1mo history,2026-02-04 14:13:48
EFCpA,stock,delisted,empty 1mo history,2026-02-04 14:14:19
EFCpB,stock,delisted,empty 1mo history,2026-02-04 14:14:22
EFCpC,stock,delisted,empty 1mo history,2026-02-04 14:14:25
EFCpD,stock,delisted,empty 1mo history,2026-02-04 14:14:28
EPpC,stock,delisted,empty 1mo history,2026-02-04 14:16:40
EPRpC,stock,delisted,empty 1mo history,2026-02-04 14:16:43
EPRpE,stock,delisted,empty 1mo history,2026-02-04 14:16:47
EPRpG,stock,delisted,empty 1mo history,2026-02-04 14:16:49
EQHpA,stock,delisted,empty 1mo history,2026-02-04 14:17:01
EQHpC,stock,delisted,empty 1mo history,2026-02-04 14:17:03
ETIp,stock,delisted,empty 1mo history,2026-02-04 14:17:57
ETpI,stock,delisted,empty 1mo history,2026-02-04 14:18:04
EVAC.U,stock,delisted,empty 1mo history,2026-02-04 14:18:21
FBRTpE,stock,delisted,empty 1mo history,2026-02-04 14:19:55
FCRS.U,stock,delisted,empty 1mo history,2026-02-04 14:20:17
FHNpC,stock,delisted,empty 1mo history,2026-02-04 14:21:12
FHNpE,stock,delisted,empty 1mo history,2026-02-04 14:21:15
FHNpF,stock,delisted,empty 1mo history,2026-02-04 14:21:17
FLGpA,stock,delisted,empty 1mo history,2026-02-04 14:21:55
FLGpU,stock,delisted,empty 1mo history,2026-02-04 14:21:57
FOURpA,stock,delisted,empty 1mo history,2026-02-04 14:23:00
FpB,stock,delisted,empty 1mo history,2026-02-04 14:23:05
FpC,stock,delisted,empty 1mo history,2026-02-04 14:23:06
FpD,stock,delisted,empty 1mo history,2026-02-04 14:23:07
FRTpC,stock,delisted,empty 1mo history,2026-02-04 14:23:34
FTW.U,stock,delisted,empty 1mo history,2026-02-04 14:24:17
GABpG,stock,delisted,empty 1mo history,2026-02-04 14:24:48
GABpH,stock,delisted,empty 1mo history,2026-02-04 14:24:51
GABpK,stock,delisted,empty 1mo history,2026-02-04 14:24:53
GAMpB,stock,delisted,empty 1mo history,2026-02-04 14:25:05
GDVpK,stock,delisted,empty 1mo history,2026-02-04 14:25:49
GEF.B,stock,delisted,empty 1mo history,2026-02-04 14:26:00
GGNpB,stock,delisted,empty 1mo history,2026-02-04 14:26:31
GGTpE,stock,delisted,empty 1mo history,2026-02-04 14:26:36
GGTpG,stock,delisted,empty 1mo history,2026-02-04 14:26:39
GLOPpA,stock,delisted,empty 1mo history,2026-02-04 14:27:33
GLOPpB,stock,delisted,empty 1mo history,2026-02-04 14:27:35
GLOPpC,stock,delisted,empty 1mo history,2026-02-04 14:27:38
GLpD,stock,delisted,empty 1mo history,2026-02-04 14:27:42
GLPpB,stock,delisted,empty 1mo history,2026-02-04 14:27:47
GLUpA,stock,delisted,empty 1mo history,2026-02-04 14:27:56
GLUpB,stock,delisted,empty 1mo history,2026-02-04 14:27:58
GMREpA,stock,delisted,empty 1mo history,2026-02-04 14:28:13
GMREpB,stock,delisted,empty 1mo history,2026-02-04 14:28:15
GNLpA,stock,delisted,empty 1mo history,2026-02-04 14:28:22
GNLpB,stock,delisted,empty 1mo history,2026-02-04 14:28:25
GNLpD,stock,delisted,empty 1mo history,2026-02-04 14:28:28
GNLpE,stock,delisted,empty 1mo history,2026-02-04 14:28:30
GNTpA,stock,delisted,empty 1mo history,2026-02-04 14:28:40
GPMTpA,stock,delisted,empty 1mo history,2026-02-04 14:29:19
GPUSpD,stock,delisted,empty 1mo history,2026-02-04 14:29:27
GRAF.U,stock,delisted,empty 1mo history,2026-02-04 14:29:32
GRBKpA,stock,delisted,empty 1mo history,2026-02-04 14:29:38
GSLpB,stock,delisted,empty 1mo history,2026-02-04 14:30:17
GSpA,stock,delisted,empty 1mo history,2026-02-04 14:30:21
GSpC,stock,delisted,empty 1mo history,2026-02-04 14:30:24
GSpD,stock,delisted,empty 1mo history,2026-02-04 14:30:26
GTN.A,stock,delisted,empty 1mo history,2026-02-04 14:30:46
GUTpC,stock,delisted,empty 1mo history,2026-02-04 14:30:55
HEI.A,stock,delisted,empty 1mo history,2026-02-04 14:32:07
HFROpA,stock,delisted,empty 1mo history,2026-02-04 14:32:21
HFROpB,stock,delisted,empty 1mo history,2026-02-04 14:32:23
HIGpG,stock,delisted,empty 1mo history,2026-02-04 14:32:40
HLpB,stock,delisted,empty 1mo history,2026-02-04 14:33:15
HPEpC,stock,delisted,empty 1mo history,2026-02-04 14:33:56
HPPpC,stock,delisted,empty 1mo history,2026-02-04 14:34:04
HVT.A,stock,delisted,empty 1mo history,2026-02-04 14:35:18
HYAC.U,stock,delisted,empty 1mo history,2026-02-04 14:35:33
ICRpA,stock,delisted,empty 1mo history,2026-02-04 14:36:22
IIPRpA,stock,delisted,empty 1mo history,2026-02-04 14:37:15
INNpE,stock,delisted,empty 1mo history,2026-02-04 14:38:22
IVRpC,stock,delisted,empty 1mo history,2026-02-04 14:40:15
JACS.U,stock,delisted,empty 1mo history,2026-02-04 14:40:30
JENA.U,stock,delisted,empty 1mo history,2026-02-04 14:41:04
JPMpC,stock,delisted,empty 1mo history,2026-02-04 14:41:45
JPMpD,stock,delisted,empty 1mo history,2026-02-04 14:41:47
JPMpJ,stock,delisted,empty 1mo history,2026-02-04 14:41:50
JPMpK,stock,delisted,empty 1mo history,2026-02-04 14:41:52
JPMpL,stock,delisted,empty 1mo history,2026-02-04 14:41:56
JPMpM,stock,delisted,empty 1mo history,2026-02-04 14:41:58
JXNpA,stock,delisted,empty 1mo history,2026-02-04 14:42:16
KEYpI,stock,delisted,empty 1mo history,2026-02-04 14:42:52
KEYpJ,stock,delisted,empty 1mo history,2026-02-04 14:42:55
KEYpK,stock,delisted,empty 1mo history,2026-02-04 14:42:58
KEYpL,stock,delisted,empty 1mo history,2026-02-04 14:43:01
KIMpL,stock,delisted,empty 1mo history,2026-02-04 14:43:22
KIMpM,stock,delisted,empty 1mo history,2026-02-04 14:43:24
KIMpN,stock,delisted,empty 1mo history,2026-02-04 14:43:26
KKRpD,stock,delisted,empty 1mo history,2026-02-04 14:43:34
KREFpA,stock,delisted,empty 1mo history,2026-02-04 14:44:26
KRSP.U,stock,delisted,empty 1mo history,2026-02-04 14:44:41
LEGO.U,stock,delisted,empty 1mo history,2026-02-04 14:46:19
LEGT.U,stock,delisted,empty 1mo history,2026-02-04 14:46:22
LEN.B,stock,delisted,empty 1mo history,2026-02-04 14:46:25
LFTpA,stock,delisted,empty 1mo history,2026-02-04 14:46:43
LNCpD,stock,delisted,empty 1mo history,2026-02-04 14:47:57
LOBpA,stock,delisted,empty 1mo history,2026-02-04 14:48:15
LXPpC,stock,delisted,empty 1mo history,2026-02-04 14:49:39
MAApI,stock,delisted,empty 1mo history,2026-02-04 14:49:58
MDVpA,stock,delisted,empty 1mo history,2026-02-04 14:51:41
MERpK,stock,delisted,empty 1mo history,2026-02-04 14:51:59
METpA,stock,delisted,empty 1mo history,2026-02-04 14:52:10
METpE,stock,delisted,empty 1mo history,2026-02-04 14:52:12
METpF,stock,delisted,empty 1mo history,2026-02-04 14:52:14
MFApB,stock,delisted,empty 1mo history,2026-02-04 14:52:22
MFApC,stock,delisted,empty 1mo history,2026-02-04 14:52:24
MITTpA,stock,delisted,empty 1mo history,2026-02-04 14:53:31
MITTpB,stock,delisted,empty 1mo history,2026-02-04 14:53:34
MITTpC,stock,delisted,empty 1mo history,2026-02-04 14:53:36
MKC.V,stock,delisted,empty 1mo history,2026-02-04 14:53:41
MOG.A,stock,delisted,empty 1mo history,2026-02-04 14:54:53
MOG.B,stock,delisted,empty 1mo history,2026-02-04 14:54:57
MSpA,stock,delisted,empty 1mo history,2026-02-04 14:56:10
MSpE,stock,delisted,empty 1mo history,2026-02-04 14:56:12
MSpF,stock,delisted,empty 1mo history,2026-02-04 14:56:14
MSpI,stock,delisted,empty 1mo history,2026-02-04 14:56:17
MSpK,stock,delisted,empty 1mo history,2026-02-04 14:56:20
MSpL,stock,delisted,empty 1mo history,2026-02-04 14:56:23
MSpO,stock,delisted,empty 1mo history,2026-02-04 14:56:25
MSpP,stock,delisted,empty 1mo history,2026-02-04 14:56:27
MSpQ,stock,delisted,empty 1mo history,2026-02-04 14:56:30
MTBpJ,stock,delisted,empty 1mo history,2026-02-04 14:56:39
MTBpK,stock,delisted,empty 1mo history,2026-02-04 14:56:41
NCVpA,stock,delisted,empty 1mo history,2026-02-04 14:58:52
NCZpA,stock,delisted,empty 1mo history,2026-02-04 14:58:56
NEEpN,stock,delisted,empty 1mo history,2026-02-04 14:59:09
NEEpS,stock,delisted,empty 1mo history,2026-02-04 14:59:12
NEEpT,stock,delisted,empty 1mo history,2026-02-04 14:59:15
NEEpU,stock,delisted,empty 1mo history,2026-02-04 14:59:17
NGLpB,stock,delisted,empty 1mo history,2026-02-04 14:59:56
NGLpC,stock,delisted,empty 1mo history,2026-02-04 15:00:00
NLYpF,stock,delisted,empty 1mo history,2026-02-04 15:00:46
NLYpG,stock,delisted,empty 1mo history,2026-02-04 15:00:48
NLYpI,stock,delisted,empty 1mo history,2026-02-04 15:00:50
NLYpJ,stock,delisted,empty 1mo history,2026-02-04 15:00:53
NREFpA,stock,delisted,empty 1mo history,2026-02-04 15:02:08
NSApA,stock,delisted,empty 1mo history,2026-02-04 15:02:27
NSApB,stock,delisted,empty 1mo history,2026-02-04 15:02:29
NWAX.U,stock,delisted,empty 1mo history,2026-02-04 15:03:45
NXDTpA,stock,delisted,empty 1mo history,2026-02-04 15:04:03
OAKpA,stock,delisted,empty 1mo history,2026-02-04 15:04:33
OAKpB,stock,delisted,empty 1mo history,2026-02-04 15:04:35
OPPpB,stock,delisted,empty 1mo history,2026-02-04 15:06:37
OPPpC,stock,delisted,empty 1mo history,2026-02-04 15:06:39
PAII.U,stock,delisted,empty 1mo history,2026-02-04 15:08:31
PBIpB,stock,delisted,empty 1mo history,2026-02-04 15:09:11
PBR.A,stock,delisted,empty 1mo history,2026-02-04 15:09:17
PCGpA,stock,delisted,empty 1mo history,2026-02-04 15:09:31
PCGpB,stock,delisted,empty 1mo history,2026-02-04 15:09:34
PCGpC,stock,delisted,empty 1mo history,2026-02-04 15:09:36
PCGpG,stock,delisted,empty 1mo history,2026-02-04 15:09:41
PCGpH,stock,delisted,empty 1mo history,2026-02-04 15:09:43
PCGpI,stock,delisted,empty 1mo history,2026-02-04 15:09:46
PEBpF,stock,delisted,empty 1mo history,2026-02-04 15:10:26
PEBpG,stock,delisted,empty 1mo history,2026-02-04 15:10:29
PEBpH,stock,delisted,empty 1mo history,2026-02-04 15:10:33
PHXEp,stock,delisted,empty 1mo history,2026-02-04 15:11:49
PINEpA,stock,delisted,empty 1mo history,2026-02-04 15:11:59
PMTpA,stock,delisted,empty 1mo history,2026-02-04 15:13:02
PMTpB,stock,delisted,empty 1mo history,2026-02-04 15:13:04
PMTpC,stock,delisted,empty 1mo history,2026-02-04 15:13:08
PNFPpA,stock,delisted,empty 1mo history,2026-02-04 15:13:20
PNFPpB,stock,delisted,empty 1mo history,2026-02-04 15:13:24
PNFPpC,stock,delisted,empty 1mo history,2026-02-04 15:13:27
PRIFpD,stock,delisted,empty 1mo history,2026-02-04 15:14:23
PRIFpK,stock,delisted,empty 1mo history,2026-02-04 15:14:26
PRIFpL,stock,delisted,empty 1mo history,2026-02-04 15:14:29
PSApF,stock,delisted,empty 1mo history,2026-02-04 15:15:01
PSApG,stock,delisted,empty 1mo history,2026-02-04 15:15:03
PSApH,stock,delisted,empty 1mo history,2026-02-04 15:15:05
PSApI,stock,delisted,empty 1mo history,2026-02-04 15:15:08
PSApJ,stock,delisted,empty 1mo history,2026-02-04 15:15:11
PSApK,stock,delisted,empty 1mo history,2026-02-04 15:15:14
PSApL,stock,delisted,empty 1mo history,2026-02-04 15:15:17
PSApM,stock,delisted,empty 1mo history,2026-02-04 15:15:19
PSApN,stock,delisted,empty 1mo history,2026-02-04 15:15:21
PSApO,stock,delisted,empty 1mo history,2026-02-04 15:15:24
PSApP,stock,delisted,empty 1mo history,2026-02-04 15:15:26
PSApQ,stock,delisted,empty 1mo history,2026-02-04 15:15:28
PSApR,stock,delisted,empty 1mo history,2026-02-04 15:15:31
PSApS,stock,delisted,empty 1mo history,2026-02-04 15:15:34
PSECpA,stock,delisted,empty 1mo history,2026-02-04 15:15:38
PWpA,stock,delisted,empty 1mo history,2026-02-04 15:16:28
QXOpB,stock,delisted,empty 1mo history,2026-02-04 15:17:28
RAC.U,stock,delisted,empty 1mo history,2026-02-04 15:17:36
RCpE,stock,delisted,empty 1mo history,2026-02-04 15:18:27
REXRpB,stock,delisted,empty 1mo history,2026-02-04 15:19:27
REXRpC,stock,delisted,empty 1mo history,2026-02-04 15:19:30
RFpC,stock,delisted,empty 1mo history,2026-02-04 15:19:45
RFpE,stock,delisted,empty 1mo history,2026-02-04 15:19:47
RFpF,stock,delisted,empty 1mo history,2026-02-04 15:19:49
RITMpA,stock,delisted,empty 1mo history,2026-02-04 15:20:29
RITMpB,stock,delisted,empty 1mo history,2026-02-04 15:20:32
RITMpC,stock,delisted,empty 1mo history,2026-02-04 15:20:35
RITMpD,stock,delisted,empty 1mo history,2026-02-04 15:20:37
RITMpE,stock,delisted,empty 1mo history,2026-02-04 15:20:40
RITMpF,stock,delisted,empty 1mo history,2026-02-04 15:20:42
RIVpA,stock,delisted,empty 1mo history,2026-02-04 15:20:49
RLJpA,stock,delisted,empty 1mo history,2026-02-04 15:21:03
RNRpF,stock,delisted,empty 1mo history,2026-02-04 15:21:36
RNRpG,stock,delisted,empty 1mo history,2026-02-04 15:21:39
RPTpC,stock,delisted,empty 1mo history,2026-02-04 15:22:08
RWTpA,stock,delisted,empty 1mo history,2026-02-04 15:22:52
SAC.U,stock,delisted,empty 1mo history,2026-02-04 15:23:24
SBpC,stock,delisted,empty 1mo history,2026-02-04 15:24:11
SBpD,stock,delisted,empty 1mo history,2026-02-04 15:24:14
SBXD.U,stock,delisted,empty 1mo history,2026-02-04 15:24:25
SBXE.U,stock,delisted,empty 1mo history,2026-02-04 15:24:29
SCEpG,stock,delisted,empty 1mo history,2026-02-04 15:24:39
SCEpK,stock,delisted,empty 1mo history,2026-02-04 15:24:41
SCEpL,stock,delisted,empty 1mo history,2026-02-04 15:24:44
SCEpM,stock,delisted,empty 1mo history,2026-02-04 15:24:46
SCEpN,stock,delisted,empty 1mo history,2026-02-04 15:24:48
SCHWpD,stock,delisted,empty 1mo history,2026-02-04 15:24:54
SCHWpJ,stock,delisted,empty 1mo history,2026-02-04 15:24:57
SEALpA,stock,delisted,empty 1mo history,2026-02-04 15:25:30
SEALpB,stock,delisted,empty 1mo history,2026-02-04 15:25:33
SFpB,stock,delisted,empty 1mo history,2026-02-04 15:26:16
SFpC,stock,delisted,empty 1mo history,2026-02-04 15:26:18
SFpD,stock,delisted,empty 1mo history,2026-02-04 15:26:21
SHOpH,stock,delisted,empty 1mo history,2026-02-04 15:26:55
SHOpI,stock,delisted,empty 1mo history,2026-02-04 15:26:57
SLGpI,stock,delisted,empty 1mo history,2026-02-04 15:28:02
SOUL.U,stock,delisted,empty 1mo history,2026-02-04 15:29:56
SPGpJ,stock,delisted,empty 1mo history,2026-02-04 15:30:13
SPNTpB,stock,delisted,empty 1mo history,2026-02-04 15:30:26
SRGpA,stock,delisted,empty 1mo history,2026-02-04 15:30:59
SRpA,stock,delisted,empty 1mo history,2026-02-04 15:31:04
STTpG,stock,delisted,empty 1mo history,2026-02-04 15:32:29
SYFpA,stock,delisted,empty 1mo history,2026-02-04 15:33:29
SYFpB,stock,delisted,empty 1mo history,2026-02-04 15:33:31
TAP.A,stock,delisted,empty 1mo history,2026-02-04 15:34:01
TDSpV,stock,delisted,empty 1mo history,2026-02-04 15:34:52
TENpE,stock,delisted,empty 1mo history,2026-02-04 15:35:15
TENpF,stock,delisted,empty 1mo history,2026-02-04 15:35:17
TFCpI,stock,delisted,empty 1mo history,2026-02-04 15:35:25
TFCpO,stock,delisted,empty 1mo history,2026-02-04 15:35:27
TFCpR,stock,delisted,empty 1mo history,2026-02-04 15:35:31
TFINp,stock,delisted,empty 1mo history,2026-02-04 15:35:34
TpA,stock,delisted,empty 1mo history,2026-02-04 15:37:31
TRTNpA,stock,delisted,empty 1mo history,2026-02-04 15:38:17
TRTNpB,stock,delisted,empty 1mo history,2026-02-04 15:38:20
TRTNpC,stock,delisted,empty 1mo history,2026-02-04 15:38:22
TRTNpD,stock,delisted,empty 1mo history,2026-02-04 15:38:25
TRTNpE,stock,delisted,empty 1mo history,2026-02-04 15:38:27
TRTNpF,stock,delisted,empty 1mo history,2026-02-04 15:38:29
TRTNpG,stock,delisted,empty 1mo history,2026-02-04 15:38:32
TRTXpC,stock,delisted,empty 1mo history,2026-02-04 15:38:35
TWOpA,stock,delisted,empty 1mo history,2026-02-04 15:39:43
TWOpB,stock,delisted,empty 1mo history,2026-02-04 15:39:45
TWOpC,stock,delisted,empty 1mo history,2026-02-04 15:39:47
TYp,stock,delisted,empty 1mo history,2026-02-04 15:40:04
UAC.U,stock,delisted,empty 1mo history,2026-02-04 15:40:12
UHAL.B,stock,delisted,empty 1mo history,2026-02-04 15:40:50
UMHpD,stock,delisted,empty 1mo history,2026-02-04 15:41:11
USBpA,stock,delisted,empty 1mo history,2026-02-04 15:41:53
USBpH,stock,delisted,empty 1mo history,2026-02-04 15:41:56
USBpP,stock,delisted,empty 1mo history,2026-02-04 15:41:58
USBpQ,stock,delisted,empty 1mo history,2026-02-04 15:42:01
USBpR,stock,delisted,empty 1mo history,2026-02-04 15:42:04
USBpS,stock,delisted,empty 1mo history,2026-02-04 15:42:06
VACI.U,stock,delisted,empty 1mo history,2026-02-04 15:42:50
VNOpL,stock,delisted,empty 1mo history,2026-02-04 15:44:30
VNOpM,stock,delisted,empty 1mo history,2026-02-04 15:44:32
VNOpO,stock,delisted,empty 1mo history,2026-02-04 15:44:37
VOYApB,stock,delisted,empty 1mo history,2026-02-04 15:44:49
WALpA,stock,delisted,empty 1mo history,2026-02-04 15:46:08
WBSpF,stock,delisted,empty 1mo history,2026-02-04 15:46:22
WFCpA,stock,delisted,empty 1mo history,2026-02-04 15:46:58
WFCpC,stock,delisted,empty 1mo history,2026-02-04 15:47:00
WFCpD,stock,delisted,empty 1mo history,2026-02-04 15:47:02
WFCpL,stock,delisted,empty 1mo history,2026-02-04 15:47:06
WFCpY,stock,delisted,empty 1mo history,2026-02-04 15:47:09
WFCpZ,stock,delisted,empty 1mo history,2026-02-04 15:47:11
WRBpE,stock,delisted,empty 1mo history,2026-02-04 15:48:15
WRBpF,stock,delisted,empty 1mo history,2026-02-04 15:48:18
WRBpG,stock,delisted,empty 1mo history,2026-02-04 15:48:20
WRBpH,stock,delisted,empty 1mo history,2026-02-04 15:48:23
WSO.B,stock,delisted,empty 1mo history,2026-02-04 15:48:40
YCY.U,stock,delisted,empty 1mo history,2026-02-04 15:50:19
BSJO,etf,delisted,empty 1mo history,2026-02-04 15:59:07
DJPRD,etf,delisted,empty 1mo history,2026-02-04 16:06:28
DWLV,etf,delisted,empty 1mo history,2026-02-04 16:07:51
IDHD,etf,delisted,empty 1mo history,2026-02-04 16:23:07
PMPT,etf,delisted,empty 1mo history,2026-02-04 16:40:12
VXXRD,etf,delisted,empty 1mo history,2026-02-04 16:58:22
